idx,type,question,answer_baseline,score_baseline,answer_standard,score_standard,corrected_standard,answer_agentic_graph,score_agentic_graph,corrected_agentic_graph
0,factual,Qual é o artigo que trata da possibilidade de adjudicação quando a negociação de melhor condição frustra-se?,"Artigo 67, parágrafo 1º, da Lei 8666/93.",2,,0,False,,0,False
1,factual,"Qual o número do ato que corresponde à transferência de 10.000,00 para a TRANSF.ALDIR BLANC LEI N?","O ato que corresponde à transferência de 10.000,00 para a TRANSF.ALDIR BLANC LEI N?",0,1719.60.0.0.00,0,False,1719.60.0.0.00,0,False
2,factual,Qual é a data de assinatura do documento?,20 de abril de 2025.,0,,0,False,,0,False
3,factual,Qual é o nome da divisão responsável pela gestão de imóveis na Diretoria de Investimentos?,A divisão responsável pela gestão de imóveis na Diretoria de Investimentos é a Divisão de Gestão de Bens.,2,,5,False,,5,False
4,factual,Qual é o número da portaria que institui a Comissão Especial para discutir a resolução normativa que regula a oferta da Educação Infantil?,"A portaria que institui a Comissão Especial é a n° 1.035, de 10 de janeiro de 2025.",0,,0,False,,0,False
5,factual,Qual o nome da pessoa nomeada para o cargo de Chefe do Setor Geral de Controle e Distribuicao?,Jose Wilson de Sousa,0,FRANCISCO JOSE RIBEIRO,5,False,FRANCISCO JOSE RIBEIRO,5,False
6,factual,Qual foi o dia da realização da audiência pública em Porto Alegre do Piauí?,O dia da realização da audiência pública foi o dia 10 de junho de 2025.,0,,0,False,,0,False
7,factual,Qual o CNPJ da empresa CONSULTORIA CONTABIL LTDA?,01.503.333/0001-30,0,,0,False,,0,False
8,factual,"Qual é o artigo da Lei nº 14.133, de 2021, mencionado no trecho?","O artigo 1º, inciso II, da Lei nº 14.133, de 2021, é mencionado no trecho.",2,,5,False,,5,False
9,factual,Qual o número do ato da manutenção da Secretaria de Cultura?,O número do ato da manutenção da Secretaria de Cultura é 001/2025.,0,,0,False,1043,0,False
10,factual,Qual é o código da categoria econômica relacionada às despesas correntes de pessoal e encargos sociais?,42.21,0,,0,False,,0,False
11,factual,Qual é o nome do Presidente do Instituto de Previdência dos Servidores do Município de Teresina - IPMT?,O nome do Presidente do IPMT é José Wilson de Oliveira.,0,José João de Magalhães Braga Júnior.,5,False,,0,False
12,factual,Qual o valor da remuneração OE para o cargo 1.621.0?,"O valor da remuneração OE para o cargo 1.621.0 é de R$ 1.621,00.",0,,0,False,,0,False
13,factual,"Qual o valor da despesa com 'CONSTRUÇÃO, AMPLIAÇÃO E REFORMA DA EDUCAÇÃO' no exercício de 2026?","O valor da despesa com 'CONSTRUÇÃO, AMPLIAÇÃO E REFORMA DA EDUCAÇÃO' no exercício de 2026 é de 100.000,00.",0,,0,False,,0,False
14,factual,Qual o valor total do item 2 do trecho?,"O valor total do item 2 do trecho é de R$ 1.000,00.",0,,0,False,,0,False
15,factual,Qual é o valor da subfunção 271 Previdência IIaica em 2028?,"O valor da subfunção 271 Previdência IIaica em 2028 é de 1.000.000,00.",0,,0,False,,0,False
16,factual,Qual o CNPJ da PM de Boqueirão do Piauí?,01.503.333/0001-00,0,,0,False,,0,False
17,factual,Qual o valor final do fornecedor ADRIANO R SOARES LTOA no bloco 0005?,"R$ 1.000,00",0,,0,False,,0,False
18,multihop,Qual é a secretaria responsável pela gestão de finanças do Fundo Municipal de Saúde?,A secretaria responsável pela gestão de finanças do Fundo Municipal de Saúde é a Secretaria Municipal de Finanças.,5,,5,False,,5,False
19,multihop,Qual documento foi aberto pelo secretário municipal de planejamento e coordenação após a delegação recebida pelo prefeito municipal de Teresina?,O documento foi aberto pelo secretário municipal de planejamento e coordenação após a delegação recebida pelo prefeito municipal de Teresina.,0,,0,False,,0,False
20,multihop,Qual é a secretaria municipal de educação que recebeu a comunicação sobre a portaria emitida pelo Pajeu do Piauí?,A secretaria municipal de educação que recebeu a comunicação sobre a portaria emitida pelo Pajeu do Piauí é a Secretaria Municipal de Educação de Pajeú do Piauí.,5,,0,False,,0,False
21,multihop,Quem foi nomeado pelo órgão que pertence à Prefeitura Municipal de Pajeu do Piauí e é responsável pela Assistência Social e Cidadania?,A senhora Maria do Socorro de Sousa foi nomeada pelo órgão que pertence à Prefeitura Municipal de Pajeu do Piauí e é responsável pela Assistência Social e Cidadania.,2,"JOSE WILSON DA SILVA, CPF 980.374.633-2011.",4,False,Izabel Antunes dos Santos.,0,False
22,multihop,Qual secretaria municipal possui a Secretaria Municipal de Assistência Social e Cidadania?,A secretaria municipal de Assistência Social e Cidadania possui a secretaria municipal de Assistência Social e Cidadania.,0,,0,False,,0,False
23,multihop,Qual secretaria pertence ao poder executivo e está relacionada à secretaria de infra-estrutura e serviços urbanos por meio de um relacionamento de posse?,A secretaria de infra-estrutura e serviços urbanos está relacionada ao poder executivo e está relacionada à secretaria de infra-estrutura e serviços urbanos por meio de um relacionamento de posse.,0,,0,False,,0,False
24,multihop,Quem foi a última pessoa a receber uma nomeação da Prefeitura Municipal de Flores do Piauí?,A última pessoa a receber uma nomeação da Prefeitura Municipal de Flores do Piauí foi a Sr.a Maria do Socorro de Sousa Lima.,0,,0,False,,0,False
25,multihop,Quem foi nomeado pela Secretaria Municipal de Administracao e Planejamento de Sao Braz do Piauí para a Brigada Civil de Combate a Incendios do Município de Ribeiro Goncalves?,A senhora Maria do Socorro de Sousa foi nomeada para a Brigada Civil de Combate a Incendios do Município de Ribeiro Goncalves.,0,JOSE WILSON DA SILVA.,0,False,"JOAO RAIMUNDO DE SOUSA CRUZ, BRIGADISTA, inscrito no CPF sob o n 023.645.343-21.",5,False
26,multihop,Qual é a entidade que possui diretamente o FUNDO MUNICIPAL DE SAÚDE através de uma relação de pertencimento?,A entidade que possui diretamente o FUNDO MUNICIPAL DE SAÚDE é a Prefeitura Municipal de Teresina.,2,FUNDO MUNICIPAL DE SAÚDE,0,False,,5,False
27,multihop,Qual é a secretaria responsável pela gestão das finanças do Fundo Municipal de Assistência Social?,A secretaria responsável pela gestão das finanças do Fundo Municipal de Assistência Social é a Secretaria Municipal de Assistência Social.,0,,5,False,,5,False
28,multihop,Quem é o secretário municipal de planejamento e coordenação de Teresina?,O secretário municipal de planejamento e coordenação de Teresina é José Wilson de Oliveira.,2,,0,False,,0,False
29,multihop,Qual é o documento que o Decreto Municipal nº 27.897 delega ao SECRETÁRIO MUNICIPAL DE PLANEJAMENTO E COORDENAÇÃO para abrir?,O documento que o Decreto Municipal nº 27.897 delega ao SECRETÁRIO MUNICIPAL DE PLANEJAMENTO E COORDENAÇÃO para abrir é o DECRETO MUNICIPAL N 27.897.,0,,5,False,,5,False
