idx,type,question,answer_baseline,score_baseline,answer_standard,score_standard,corrected_standard
0,factual,Qual é o artigo que trata da possibilidade de adjudicação quando a negociação de melhor condição frustra-se?,O artigo que trata da possibilidade de adjudicação quando a negociação de melhor condição frustra-se é o **artigo 43 do Código de Processo Civil (CPC)**.,0,"O artigo que trata da possibilidade de adjudicação quando a negociação de melhor condição frustra-se é o art. 124, inciso IV, da Lei Federal nº 14.133/2021.",2,False
1,factual,"Qual o número do ato que corresponde à transferência de 10.000,00 para a TRANSF.ALDIR BLANC LEI N?","A transferência de R$ 10.000,00 para a ""TRANSF.ALDIR BLANC"" está relacionada ao **Ato nº 1.123/2021**, que dispõe sobre a transferência de recursos para o Fundo de Combate à Pobreza (FUNCEF).",0,Não há informacao suficiente.,2,False
2,factual,Qual é a data de assinatura do documento?,"A data de assinatura do documento depende do documento específico em questão. Por favor, forneça mais detalhes para que eu possa informar corretamente.",0,A data de assinatura do documento é 27/02/2025.,4,False
3,factual,Qual é o nome da divisão responsável pela gestão de imóveis na Diretoria de Investimentos?,A divisão responsável pela gestão de imóveis na Diretoria de Investimentos é chamada de **Divisão de Gestão de Ativos**.,0,Não há informacao suficiente.,0,False
4,factual,Qual é o número da portaria que institui a Comissão Especial para discutir a resolução normativa que regula a oferta da Educação Infantil?,"A portaria que institui a Comissão Especial para discutir a resolução normativa que regula a oferta da Educação Infantil é a **Portaria nº 1.116, de 20 de abril de 2016**, do Ministério da Educação (MEC).",0,Não há informacao suficiente.,2,False
5,factual,Qual o nome da pessoa nomeada para o cargo de Chefe do Setor Geral de Controle e Distribuicao?,"A informação solicitada não está disponível no contexto fornecido. Para obter o nome da pessoa nomeada para o cargo de Chefe do Setor Geral de Controle e Distribuição, seria necessário consultar fontes oficiais ou documentos específicos relacionados à instituição ou órgão em questão.",0,Não há informacao suficiente.,2,False
6,factual,Qual foi o dia da realização da audiência pública em Porto Alegre do Piauí?,A audiência pública em Porto Alegre do Piauí foi realizada no dia 28 de setembro de 2023.,0,Não há informacao suficiente.,0,False
7,factual,Qual o CNPJ da empresa CONSULTORIA CONTABIL LTDA?,"Não há informações disponíveis sobre o CNPJ da empresa ""CONSULTORIA CONTABIL LTDA"" no momento. É possível que essa empresa não esteja registrada ou que o CNPJ não esteja público. Para obter informações precisas, recomenda-se consultar o site do Receita Federal ou outros registros oficiais.",0,Não há informacao suficiente.,2,False
8,factual,"Qual é o artigo da Lei nº 14.133, de 2021, mencionado no trecho?","O trecho mencionado refere-se ao **Artigo 12** da Lei nº 14.133, de 2021.",2,"O artigo mencionado no trecho é o **art. 158** da Lei nº 14.133, de 2021.",0,False
9,factual,Qual o número do ato da manutenção da Secretaria de Cultura?,"O ato que institui a Secretaria de Cultura no Brasil é o Ato nº 1.112, de 20 de abril de 1992.",0,Não há informação suficiente.,0,False
10,factual,Qual é o código da categoria econômica relacionada às despesas correntes de pessoal e encargos sociais?,O código da categoria econômica relacionada às despesas correntes de pessoal e encargos sociais é **1.1.1.1**.,0,Resposta: 3-Despesas Correntes(custeio),2,False
11,factual,Qual é o nome do Presidente do Instituto de Previdência dos Servidores do Município de Teresina - IPMT?,O nome do Presidente do Instituto de Previdência dos Servidores do Município de Teresina - IPMT é **Ronaldo César de Oliveira**.,0,Não há informações suficientes para responder à pergunta.,2,False
12,factual,Qual o valor da remuneração OE para o cargo 1.621.0?,"A remuneração OE (Orçamento do Estado) para o cargo 1.621.0 é de 1.125,00 euros.",0,Não há informação suficiente.,0,False
13,factual,"Qual o valor da despesa com 'CONSTRUÇÃO, AMPLIAÇÃO E REFORMA DA EDUCAÇÃO' no exercício de 2026?","Não há informações disponíveis sobre o valor da despesa com ""CONSTRUÇÃO, AMPLIAÇÃO E REFORMA DA EDUCAÇÃO"" para o exercício de 2026, pois os dados orçamentários são divulgados após a aprovação do Orçamento da União, geralmente no início do ano. Para 2026, os dados ainda não foram oficialmente publicados.",5,Não há informacao suficiente.,2,False
14,factual,Qual o valor total do item 2 do trecho?,"Para responder à pergunta, é necessário conhecer o conteúdo do trecho referido. Por favor, forneça o trecho ou o contexto necessário para que eu possa determinar o valor total do item 2.",0,Não há informação suficiente para responder à pergunta.,2,False
15,factual,Qual é o valor da subfunção 271 Previdência IIaica em 2028?,"O valor da subfunção 271 Previdência IIaica em 2028 não foi divulgado oficialmente até o momento. Para obter informações precisas, consulte o Orçamento da União ou o Portal da Transparência do governo federal.",2,Não há informacao suficiente.,5,False
16,factual,Qual o CNPJ da PM de Boqueirão do Piauí?,"O CNPJ da Polícia Militar de Boqueirão do Piauí não é público ou disponível de forma direta, pois a PM é uma instituição pública federal e seus dados não são registrados em CNPJ. Para informações oficiais, consulte o site da PM do Piauí ou a Secretaria de Segurança Pública do Estado.",0,O CNPJ da Prefeitura Municipal de Boqueirão do Piauí é 01.612.566/0001-37.,5,False
17,factual,Qual o valor final do fornecedor ADRIANO R SOARES LTOA no bloco 0005?,"O valor final do fornecedor ADRIANO R SOARES LTOA no bloco 0005 é R$ 1.250,00.",0,Não há informacao suficiente.,2,False
18,multihop,Qual é a secretaria responsável pela gestão de finanças do Fundo Municipal de Saúde?,A secretaria responsável pela gestão de finanças do Fundo Municipal de Saúde é a Secretaria Municipal de Finanças.,5,"A secretaria responsável pela gestão de finanças do Fundo Municipal de Saúde é a Secretaria Municipal de Finanças, Gestão, Controle e Tesouraria.",5,False
19,multihop,Qual documento foi aberto pelo secretário municipal de planejamento e coordenação após a delegação recebida pelo prefeito municipal de Teresina?,"O documento aberto foi o ""Termo de Ajuste de Conduta"" (TAC).",0,Não há informação suficiente para responder à pergunta.,2,False
20,multihop,Qual é a secretaria municipal de educação que recebeu a comunicação sobre a portaria emitida pelo Pajeu do Piauí?,A secretaria municipal de educação que recebeu a comunicação sobre a portaria emitida pelo Pajeu do Piauí é a Secretaria Municipal de Educação de Parnaíba.,4,A Secretaria Municipal de Educação de Pajeu do Piauí-PI recebeu a comunicação sobre a portaria emitida pelo município.,5,False
21,multihop,Quem foi nomeado pelo órgão que pertence à Prefeitura Municipal de Pajeu do Piauí e é responsável pela Assistência Social e Cidadania?,"O órgão responsável pela Assistência Social e Cidadania na Prefeitura Municipal de Pajeú do Piauí é a Secretaria Municipal de Assistência Social e Cidadania. O nome do secretário municipal nesse setor, no momento atual, é **Ronaldo Alves de Oliveira**.",2,"A pessoa nomeada pelo órgão que pertence à Prefeitura Municipal de Pajeu do Piauí e é responsável pela Assistência Social e Cidadania é MARINA DE LELNEIRA BRITO, conforme mencionado no contexto.",0,False
22,multihop,Qual secretaria municipal possui a Secretaria Municipal de Assistência Social e Cidadania?,A Secretaria Municipal de Assistência Social e Cidadania é uma secretaria específica e não está subordinada a outra secretaria municipal. Ela atua de forma autônoma dentro da estrutura administrativa do município.,0,"A Secretaria Municipal de Assistência Social e Cidadania é mencionada no contexto como uma unidade de governo, mas não é explicitamente atribuída a uma secretaria específica. Portanto, não há informações suficientes para identificar qual secretaria municipal possui essa pasta.",2,False
23,multihop,Qual secretaria pertence ao poder executivo e está relacionada à secretaria de infra-estrutura e serviços urbanos por meio de um relacionamento de posse?,A secretaria que pertence ao poder executivo e está relacionada à Secretaria de Infra-Estrutura e Serviços Urbanos por meio de um relacionamento de posse é a Secretaria de Planejamento e Gestão.,0,Não há informacao suficiente.,2,False
24,multihop,Quem foi a última pessoa a receber uma nomeação da Prefeitura Municipal de Flores do Piauí?,"A última pessoa a receber uma nomeação da Prefeitura Municipal de Flores do Piauí, conforme informações disponíveis até julho de 2024, é o secretário municipal de Educação, Edson Alves de Oliveira.",2,Não há informações suficientes para responder à pergunta.,2,False
25,multihop,Quem foi nomeado pela Secretaria Municipal de Administracao e Planejamento de Sao Braz do Piauí para a Brigada Civil de Combate a Incendios do Município de Ribeiro Goncalves?,"A pergunta menciona a Secretaria Municipal de Administração e Planejamento de São Braz do Piauí, mas a Brigada Civil de Combate a Incêndios do Município de Ribeiro Goncalves é uma entidade local. Não há informações disponíveis sobre quem foi nomeado por uma secretaria de São Braz do Piauí para essa brigada. É possível que haja uma confusão entre os municípios. Para uma resposta precisa, seria necessário mais contexto ou informações específicas sobre o nomeado.",2,Não há informacao suficiente.,2,False
26,multihop,Qual é a entidade que possui diretamente o FUNDO MUNICIPAL DE SAÚDE através de uma relação de pertencimento?,O Fundo Municipal de Saúde (FMS) é diretamente possuído pelo **Município**.,2,A entidade que possui diretamente o FUNDO MUNICIPAL DE SAÚDE é a PREFEITURA MUNICIPAL.,4,False
27,multihop,Qual é a secretaria responsável pela gestão das finanças do Fundo Municipal de Assistência Social?,A secretaria responsável pela gestão das finanças do Fundo Municipal de Assistência Social é a Secretaria Municipal de Finanças.,5,A secretaria responsável pela gestão das finanças do Fundo Municipal de Assistência Social (FMAS) é a Secretaria Municipal de Finanças.,5,False
28,multihop,Quem é o secretário municipal de planejamento e coordenação de Teresina?,"O secretário municipal de Planejamento e Coordenação de Teresina, Piauí, é **Ronaldo Alves de Oliveira**.",2,Não há informacao suficiente.,2,False
29,multihop,Qual é o documento que o Decreto Municipal nº 27.897 delega ao SECRETÁRIO MUNICIPAL DE PLANEJAMENTO E COORDENAÇÃO para abrir?,O Decreto Municipal nº 27.897 delega ao SECRETÁRIO MUNICIPAL DE PLANEJAMENTO E COORDENAÇÃO a autoridade para abrir o **Processo Administrativo de Licitação**.,0,Não há informacao suficiente.,2,False
